Transaction_Name,Minimum,Average,Maximum,Std_Deviation,ninety_Percent,Pass,Fail,Stop
CreateCustomerTriplePlay_Login,0.631,0.642,0.653,0.011,0.653,2,0,0
CreateCustomerTriplePlay_SearchAddress,0.218,0.29,3.276,0.153,0.323,928,1,0
CreateCustomerTriplePlay_SearchAddress_XX_AIS_Address,0.218,0.29,3.276,0.153,0.322,928,1,0
CreateCustomerTriplePlay_ClickAdd,0.125,0.176,1.138,0.046,0.201,928,0,0
CreateCustomerTriplePlay_ClickAdd_XX_AIS_Address,0.016,0.03,0.444,0.016,0.034,928,0,0
CreateCustomerTriplePlay_ClickAdd_XX_AIS_Drops,0.016,0.027,0.172,0.01,0.033,928,0,0
CreateCustomerTriplePlay_ClickAdd_XX_CDI_Customers,0.078,0.119,1.082,0.041,0.135,928,0,0
CreateCustomerTriplePlay_CreateCust,0.608,1.113,5.871,0.463,1.582,929,0,0
CreateCustomerTriplePlay_CreateCust_XX_CDI_customers,0.078,0.117,0.607,0.032,0.128,929,0,0
CreateCustomerTriplePlay_CreateCust_XX_FFM_AddressID,0,0,0,0,0,929,0,0
CreateCustomerTriplePlay_CreateCust_XX_OE_custDesktop,0.437,0.923,5.68,0.458,1.391,929,0,0
CreateCustomerTriplePlay_CreateCust_XX_SA_ServiceAvailability,0,0.018,0.326,0.007,0.023,3716,0,0
CreateCustomerTriplePlay_CreateCust_XX_TSRWS_getCityNode,0,0,0,0,0,2787,0,0
CreateCustomerTriplePlay_CreateCust_XX_TSRWS_RegionalNodeAndServerStatus,0,0,0,0,0,1858,0,0
CreateCustomerTriplePlay_Internet300,0.14,0.411,5.248,0.258,0.596,928,0,0
CreateCustomerTriplePlay_Internet300_XX_OE_InstallationFee,0.031,0.141,3.367,0.161,0.194,928,0,0
CreateCustomerTriplePlay_Internet300_XX_OE_ItemModified,0.106,0.27,1.88,0.126,0.396,928,0,0
CreateCustomerTriplePlay_InternetHWWrench,0.047,0.136,1.348,0.096,0.2,927,0,0
CreateCustomerTriplePlay_InternetHWWrench_XX_OE_showHWPop,0.047,0.136,1.348,0.096,0.2,927,0,0
CreateCustomerTriplePlay_Internet_Validate_XB6,0.14,0.397,2.909,0.216,0.562,927,0,0
CreateCustomerTriplePlay_Internet_Validate_XX_OE_validateHW,0.14,0.397,2.909,0.216,0.562,927,0,0
CreateCustomerTriplePlay_SaveInternetEquipment,0.094,0.316,2.948,0.191,0.453,926,0,0
CreateCustomerTriplePlay_SaveInternetEquipment_XX_OE_saveEquipment,0.094,0.316,2.948,0.191,0.453,926,0,0
CreateCustomerTriplePlay_LargeTv,0.25,0.531,4.086,0.256,0.77,925,0,0
CreateCustomerTriplePlay_LargeTv_XX_OE_desktopItem,0.25,0.531,4.086,0.256,0.77,925,0,0
CreateCustomerTriplePlay_DigitalChannel,0.109,0.231,3.026,0.166,0.312,925,0,0
CreateCustomerTriplePlay_DigitalChannel_XX_OE_openChannelsPopup,0.109,0.231,3.026,0.166,0.312,925,0,0
CreateCustomerTriplePlay_DigitalChannel_Pick10,0.371,0.749,5.523,0.384,1.06,927,0,0
CreateCustomerTriplePlay_DigitalChannel_Pick10_XX_OE_desktopItemModified,0.278,0.569,5.006,0.307,0.824,927,0,0
CreateCustomerTriplePlay_DigitalChannel_Pick10_XX_OE_openAggregationOfferingDialog,0.078,0.18,2.031,0.129,0.245,927,0,0
CreateCustomerTriplePlay_DigitalChannel_Select10,3.352,5.935,18.036,1.723,8,928,0,0
CreateCustomerTriplePlay_DigitalChannel_Select10_XX_OE_desktopItemModified_1,0.296,0.591,4.477,0.293,0.815,927,0,0
CreateCustomerTriplePlay_DigitalChannel_Select10_XX_OE_desktopItemModified_10,0.312,0.594,2.164,0.214,0.841,928,0,0
CreateCustomerTriplePlay_DigitalChannel_Select10_XX_OE_desktopItemModified_2,0.312,0.586,5.414,0.275,0.803,927,0,0
CreateCustomerTriplePlay_DigitalChannel_Select10_XX_OE_desktopItemModified_3,0.312,0.588,3.559,0.234,0.819,927,0,0
CreateCustomerTriplePlay_DigitalChannel_Select10_XX_OE_desktopItemModified_4,0.309,0.582,3.552,0.229,0.781,927,0,0
CreateCustomerTriplePlay_DigitalChannel_Select10_XX_OE_desktopItemModified_5,0.296,0.589,1.795,0.21,0.842,927,0,0
CreateCustomerTriplePlay_DigitalChannel_Select10_XX_OE_desktopItemModified_6,0.309,0.602,4.557,0.287,0.818,927,0,0
CreateCustomerTriplePlay_DigitalChannel_Select10_XX_OE_desktopItemModified_7,0.312,0.597,2.54,0.219,0.833,927,0,0
CreateCustomerTriplePlay_DigitalChannel_Select10_XX_OE_desktopItemModified_8,0.296,0.598,3.46,0.244,0.828,927,0,0
CreateCustomerTriplePlay_DigitalChannel_Select10_XX_OE_desktopItemModified_9,0.312,0.608,7.939,0.348,0.839,927,0,0
CreateCustomerTriplePlay_DigitalChannel_Save,0.044,0.112,1.32,0.079,0.165,928,0,0
CreateCustomerTriplePlay_DigitalChannel_Save_XX_OE_okAggregationOfferingDialog,0.044,0.112,1.32,0.079,0.165,928,0,0
CreateCustomerTriplePlay_DigitalChannel_Additional3,0.961,1.787,9.269,0.735,2.472,929,0,0
CreateCustomerTriplePlay_DigitalChannel_Additional3_XX_OE_desktopItemModified_1,0.296,0.604,5.307,0.349,0.856,929,0,0
CreateCustomerTriplePlay_DigitalChannel_Additional3_XX_OE_desktopItemModified_2,0.303,0.583,3.992,0.244,0.812,929,0,0
CreateCustomerTriplePlay_DigitalChannel_Additional3_XX_OE_desktopItemModified_3,0.3,0.6,3.711,0.267,0.856,929,0,0
CreateCustomerTriplePlay_DigitalChannel_save,0.031,0.107,0.831,0.054,0.157,929,0,0
CreateCustomerTriplePlay_DigitalChannel_save_XX_OE_okChannelsPopup,0.031,0.107,0.831,0.054,0.157,929,0,0
CreateCustomerTriplePlay_TVHW_Wrench,0.062,0.169,3.125,0.158,0.235,926,0,0
CreateCustomerTriplePlay_TVHW_Wrench_XX_OE_showHWPop,0.062,0.169,3.125,0.158,0.235,926,0,0
CreateCustomerTriplePlay_ShawBlueSkyBox,0.078,0.214,3.058,0.151,0.307,925,0,0
CreateCustomerTriplePlay_ShawBlueSkyBox_XX_OE_EmptyHW,0.078,0.214,3.058,0.151,0.307,925,0,0
CreateCustomerTriplePlay_TV_Validate,0.109,0.251,1.896,0.137,0.356,925,0,0
CreateCustomerTriplePlay_TV_Validate_XX_OE_validateHW,0.109,0.251,1.896,0.137,0.356,925,0,0
CreateCustomerTriplePlay_SaveTVEquipment,0.14,0.335,4.244,0.237,0.469,924,0,0
CreateCustomerTriplePlay_SaveTVEquipment_XX_OE_saveEquipment,0.14,0.335,4.244,0.237,0.469,924,0,0
CreateCustomerTriplePlay_InternetChoice,0.047,0.172,2.683,0.132,0.254,924,0,0
CreateCustomerTriplePlay_InternetChoice_XX_OE_showcomponent,0.047,0.171,2.683,0.132,0.254,924,0,0
CreateCustomerTriplePlay_2YVP_WIFI,0.172,0.407,4.658,0.246,0.578,923,0,0
CreateCustomerTriplePlay_2YVP_WIFI_XX_OE_discountCheckAction,0.172,0.407,4.658,0.246,0.578,923,0,0
CreateCustomerTriplePlay_ServiceAgreement,0.078,0.251,1.911,0.144,0.359,925,0,0
CreateCustomerTriplePlay_ServiceAgreement_XX_OE_DiscountPop,0.031,0.12,1.751,0.115,0.17,925,0,0
CreateCustomerTriplePlay_ServiceAgreement_XX_OE_showComponent,0.047,0.131,0.671,0.061,0.196,925,0,0
CreateCustomerTriplePlay_SaveServiceAgreement,0.733,1.544,8.552,0.595,2.105,925,0,0
CreateCustomerTriplePlay_SaveServiceAgreement_XX_OE_ConfirmDiscount,0.031,0.107,0.594,0.053,0.154,925,0,0
CreateCustomerTriplePlay_SaveServiceAgreement_XX_OE_DiscountCheckAction_TV_PGCode,0.172,0.411,4.383,0.251,0.582,925,0,0
CreateCustomerTriplePlay_SaveServiceAgreement_XX_OE_DiscountCheckAction1_PGCode,0.172,0.392,3.341,0.192,0.569,925,0,0
CreateCustomerTriplePlay_SaveServiceAgreement_XX_OE_HideComponent1,0.036,0.103,0.895,0.055,0.148,925,0,0
CreateCustomerTriplePlay_SaveServiceAgreement_XX_OE_InfoChangeAction,0.109,0.295,1.804,0.153,0.437,925,0,0
CreateCustomerTriplePlay_SaveServiceAgreement_XX_OE_SelectCategory_TV_PGCode,0.031,0.125,1.598,0.091,0.179,924,0,0
CreateCustomerTriplePlay_SaveServiceAgreement_XX_OE_SystemRpcUpdate1,0.031,0.111,1.455,0.083,0.157,925,0,0
CreateCustomerTriplePlay_AddProduct,0.062,0.17,3.128,0.156,0.236,925,0,0
CreateCustomerTriplePlay_AddProduct_XX_OE_AddOffer,0.062,0.17,3.128,0.156,0.236,925,0,0
CreateCustomerTriplePlay_SaveServiceAgreement_XX_OE_InfoChangeAction,0.125,0.304,1.029,0.126,0.451,666,0,0
CreateCustomerTriplePlay_SelectProduct,0.172,0.387,2.153,0.175,0.561,924,0,0
CreateCustomerTriplePlay_SelectProduct_XX_OE_SelectOffer,0.172,0.387,2.153,0.175,0.561,924,0,0
CreateCustomerTriplePlay_TelHWWrench,0.343,0.731,5.149,0.376,1.048,925,0,0
CreateCustomerTriplePlay_TelHWWrench_XX_OE_AddOffer,0.075,0.174,1.67,0.105,0.257,925,0,0
CreateCustomerTriplePlay_TelHWWrench_XX_OE_SelectOffer,0.184,0.398,4.703,0.253,0.576,925,0,0
CreateCustomerTriplePlay_TelHWWrench_XX_OE_showHardware,0.062,0.158,3.202,0.139,0.226,925,0,0
CreateCustomerTriplePlay_TelValidate,0.094,0.24,1.925,0.162,0.331,924,0,0
CreateCustomerTriplePlay_TelValidate_XX_OE_validateHW,0.094,0.24,1.925,0.162,0.331,924,0,0
CreateCustomerTriplePlay_TelSaveEquipment,0.171,0.4,2.668,0.206,0.577,923,0,0
CreateCustomerTriplePlay_TelSaveEquipment_XX_OE_saveEquipment,0.171,0.4,2.668,0.206,0.577,923,0,0
CreateCustomerTriplePlay_CustomerID,0.153,0.373,3.31,0.212,0.514,921,2,0
CreateCustomerTriplePlay_CustomerID_XX_OE_prepareQuote,0.108,0.247,2.966,0.169,0.343,921,2,0
CreateCustomerTriplePlay_CustomerID_XX_OE_shortSumary,0.044,0.126,2.044,0.089,0.187,921,0,0
CreateCustomerTriplePlay_BillingPref,0.165,0.507,3.519,0.259,0.718,922,0,0
CreateCustomerTriplePlay_BillingPref_XX_OE_contactEmailChanged,0.045,0.132,1.123,0.077,0.196,922,0,0
CreateCustomerTriplePlay_BillingPref_XX_OE_prepareQuote,0.045,0.137,2.855,0.106,0.203,922,0,0
CreateCustomerTriplePlay_BillingPref_XX_OE_shortSummary,0.031,0.113,2.543,0.104,0.159,922,0,0
CreateCustomerTriplePlay_BillingPref_XX_OE_systemrpcUpdate,0.031,0.125,3.144,0.119,0.182,922,0,0
CreateCustomerTriplePlay_AddSvc,0.56,0.977,6.347,0.37,1.279,920,0,0
CreateCustomerTriplePlay_AddSvc_XX_OE_prepareQuote,0.509,0.865,5.693,0.332,1.138,920,0,0
CreateCustomerTriplePlay_AddSvc_XX_OE_shortSummary,0.036,0.112,1.247,0.074,0.156,920,0,0
CreateCustomerTriplePlay_SelectNumber,0.047,0.19,3.437,0.204,0.261,920,0,0
CreateCustomerTriplePlay_SelectNumber_XX_OE_selectPhone,0.047,0.19,3.437,0.204,0.261,920,0,0
CreateCustomerTriplePlay_ChooseNumber,0.172,0.42,5.178,0.289,0.561,921,0,0
CreateCustomerTriplePlay_ChooseNumber_XX_OE_PhoneTypeChange,0.125,0.307,4.892,0.228,0.415,921,0,0
CreateCustomerTriplePlay_ChooseNumber_XX_OE_System_RPC_Update,0.031,0.113,3.141,0.15,0.154,921,0,0
CreateCustomerTriplePlay_Assign,0.273,0.556,4.376,0.27,0.778,923,0,0
CreateCustomerTriplePlay_Assign_XX_OE_AssignPhone,0.273,0.556,4.376,0.27,0.778,923,0,0
CreateCustomerTriplePlay_ListingType,0.031,0.133,3.122,0.136,0.194,921,0,0
CreateCustomerTriplePlay_ListingType_XX_OE_selectList,0.031,0.133,3.122,0.136,0.194,921,0,0
CreateCustomerTriplePlay_Features,0.047,0.152,3.071,0.142,0.219,922,0,0
CreateCustomerTriplePlay_Features_XX_OE_phoneConfig,0.047,0.152,3.071,0.142,0.219,922,0,0
CreateCustomerTriplePlay_SaveTelephone,0.245,0.508,3.307,0.259,0.693,923,0,0
CreateCustomerTriplePlay_SaveTelephone_XX_OE_savePhone,0.245,0.508,3.307,0.259,0.693,923,0,0
CreateCustomerTriplePlay_Appt,0.546,1.136,4.534,0.387,1.559,924,0,0
CreateCustomerTriplePlay_Appt_XX_OE_prepareQuote,0.296,0.618,4.044,0.294,0.851,925,0,0
CreateCustomerTriplePlay_Appt_XX_OE_SelectTechnician,0.174,0.407,1.981,0.175,0.593,924,0,0
CreateCustomerTriplePlay_Appt_XX_OE_shortSummary,0.031,0.111,0.508,0.048,0.164,925,0,0
CreateCustomerTriplePlay_ADDSvc_XX_OE_infotoChangeAction,0.14,0.313,1.765,0.14,0.473,924,0,0
CreateCustomerTriplePlay_ADDSvc_XX_OE_Preparequote,0.328,0.663,3,0.283,0.954,924,0,0
CreateCustomerTriplePlay_ADDSvc_XX_OE_ShortSummary,0.031,0.111,1.265,0.062,0.162,924,0,0
CreateCustomerTriplePlay_InstallationFee_popup,0.515,1.088,4.357,0.424,1.544,924,0,0
CreateCustomerTriplePlay_Review,0.195,0.462,3.545,0.221,0.64,924,0,0
CreateCustomerTriplePlay_Review_XX_OE_prepareQuote,0.144,0.352,3.293,0.186,0.499,924,0,0
CreateCustomerTriplePlay_Review_XX_OE_shortSummary,0.047,0.11,0.769,0.052,0.156,924,0,0
CreateCustomerTriplePlay_Finish,5.476,9.902,25.16,2.539,12.883,923,1,0
CreateCustomerTriplePlay_Finish_XX_AIS_drops,0,0,0,0,0,924,0,0
CreateCustomerTriplePlay_Finish_XX_BRM_account,0.172,0.233,0.554,0.031,0.262,924,0,0
CreateCustomerTriplePlay_Finish_XX_BRM_account_pendingitems,0.062,0.12,0.407,0.023,0.141,924,0,0
CreateCustomerTriplePlay_Finish_XX_BRM_TranHistory,0.058,0.115,3.089,0.102,0.135,924,0,0
CreateCustomerTriplePlay_Finish_XX_CDI_account_note,0.046,0.056,0.502,0.019,0.062,924,0,0
CreateCustomerTriplePlay_Finish_XX_CDI_accounts,0.06,0.074,0.67,0.028,0.081,924,0,0
CreateCustomerTriplePlay_Finish_XX_CDI_CustomerAlers,0.016,0.021,0.222,0.012,0.03,924,0,0
CreateCustomerTriplePlay_Finish_XX_CDI_customers,0.031,0.058,0.624,0.028,0.078,924,0,0
CreateCustomerTriplePlay_Finish_XX_CDI_customers_account,0.094,0.117,0.471,0.024,0.128,924,0,0
CreateCustomerTriplePlay_Finish_XX_CDI_SalesLead,0.016,0.021,0.321,0.012,0.025,924,0,0
CreateCustomerTriplePlay_Finish_XX_CPE_Equipments_NOT_FOUND,0.196,0.196,0.196,0,0.196,1,0,0
CreateCustomerTriplePlay_Finish_XX_CPE_Equipments_SUCCESS,0.037,0.07,0.945,0.034,0.09,923,0,0
CreateCustomerTriplePlay_Finish_XX_FFM_AddressID,0,0,0,0,0,924,0,0
CreateCustomerTriplePlay_Finish_XX_OE_account,0.12,0.415,3.601,0.241,0.662,924,0,0
CreateCustomerTriplePlay_Finish_XX_OE_CheckOrderStatus,0.094,0.447,5.133,0.382,0.935,4742,0,0
CreateCustomerTriplePlay_Finish_XX_OE_CustDesktop,0.39,0.933,3.622,0.366,1.409,924,0,0
CreateCustomerTriplePlay_Finish_XX_OE_CustOrdHist,0.764,1.635,9.614,0.711,2.387,924,0,0
CreateCustomerTriplePlay_Finish_XX_OE_prepareQuote,0.718,1.296,6.96,0.519,1.747,925,0,0
CreateCustomerTriplePlay_Finish_XX_OE_refreshDesktop,0.041,0.119,2.012,0.095,0.167,925,0,0
CreateCustomerTriplePlay_Finish_XX_OE_shortSummary,1.248,2.254,8.243,0.708,3.089,925,0,0
CreateCustomerTriplePlay_Finish_XX_SA_ServiceAvailability,0,0.019,0.328,0.01,0.024,3696,0,0
CreateCustomerTriplePlay_Finish_XX_TSRWS_getCityNode,0,0,0,0,0,2772,0,0
CreateCustomerTriplePlay_Finish_XX_TSRWS_RegionalNodeAndServerStatus,0,0,0,0,0,1848,0,0
CreateCustomerTriplePlay_CreateCustomerNote,0.047,0.096,2.665,0.115,0.109,923,0,0
CreateCustomerTriplePlay_CreateCustomerNote_XX_OE_CustOrderHistory,0,0.037,2.598,0.11,0.047,923,0,0
CreateCustomerTriplePlay_CreateCustomerNote_XX_OE_Note,0.047,0.059,0.822,0.036,0.067,923,0,0
CreateCustomerTriplePlay_Total,20.116,33.993,52.206,5.57,40.614,922,3,0
DoublePlayInternetPhone_Login,0.742,0.766,0.791,0.024,0.791,2,0,0
DoublePlayInternetPhone_AddressSearch,0.218,0.272,2.691,0.089,0.306,870,0,0
DoublePlayInternetPhone_AddressSearch_XX_AIS_Addresses,0.218,0.272,2.691,0.089,0.306,870,0,0
DoublePlayInternetPhone_SelectAddress,0.14,0.177,3.172,0.105,0.202,869,1,0
DoublePlayInternetPhone_SelectAddress_XX_AIS_Address,0.016,0.034,3.046,0.103,0.036,870,0,0
DoublePlayInternetPhone_SelectAddress_XX_AIS_Drops,0.016,0.027,0.162,0.012,0.033,869,1,0
DoublePlayInternetPhone_SelectAddress_XX_CDI_Customers,0.078,0.116,0.454,0.018,0.132,870,0,0
DoublePlayInternetPhone_SelectAddress_XX_CDI_CustomerAlerts,0.015,0.021,0.137,0.009,0.029,868,0,0
DoublePlayInternetPhone_SelectCreateCustomerLink,0.748,1.282,5.46,0.478,1.791,868,0,0
DoublePlayInternetPhone_SelectCreateCustomerLink_XX_CDI_Customers,0.094,0.118,3.11,0.103,0.126,868,0,0
DoublePlayInternetPhone_SelectCreateCustomerLink_XX_CDI_SalesLeads,0.016,0.022,0.335,0.014,0.031,868,0,0
DoublePlayInternetPhone_SelectCreateCustomerLink_XX_FFM_AddressID,0.03,0.058,0.269,0.022,0.071,868,0,0
DoublePlayInternetPhone_SelectCreateCustomerLink_XX_OE_NewCustomerDesktop,0.406,0.924,4.321,0.445,1.41,868,0,0
DoublePlayInternetPhone_SelectCreateCustomerLink_XX_SA_ServiceAvailability,0,0.014,0.062,0.009,0.022,3472,0,0
DoublePlayInternetPhone_SelectCreateCustomerLink_XX_TSRWS_GetCityByNode,0,0.007,1.062,0.029,0.016,2604,0,0
DoublePlayInternetPhone_SelectCreateCustomerLink_XX_TSRWS_RegionalNodeAndServerStatus,0,0.022,0.748,0.033,0.031,1736,0,0
DoublePlayInternetPhone_AddProduct,0.047,0.137,1.352,0.104,0.198,868,0,0
DoublePlayInternetPhone_AddProduct_XX_OE_AddOffer,0.047,0.136,1.351,0.104,0.195,868,0,0
DoublePlayInternetPhone_SelectProduct,0.094,0.279,4.413,0.24,0.391,870,0,0
DoublePlayInternetPhone_SelectProduct_XX_OE_SelectOffer,0.094,0.279,4.412,0.24,0.39,870,0,0
DoublePlayInternetPhone_TelHWWrench,0.218,0.581,4.818,0.301,0.798,869,0,0
DoublePlayInternetPhone_TelHWWrench_XX_OE_AddOffer,0.062,0.156,2.07,0.13,0.229,868,0,0
DoublePlayInternetPhone_TelHWWrench_XX_OE_SelectOffer,0.094,0.274,2.235,0.146,0.406,869,0,0
DoublePlayInternetPhone_TelHWWrench_XX_OE_showHardware,0.047,0.152,4.447,0.205,0.208,869,0,0
DoublePlayInternetPhone_TelValidate,0.094,0.218,2.111,0.158,0.316,870,0,0
DoublePlayInternetPhone_TelValidate_XX_OE_validateHW,0.094,0.218,2.111,0.158,0.316,870,0,0
DoublePlayInternetPhone_TelSaveEquipment,0.094,0.276,3.541,0.197,0.397,870,0,0
DoublePlayInternetPhone_TelSaveEquipment_XX_OE_saveEquipment,0.094,0.276,3.541,0.197,0.397,870,0,0
DoublePlayInternetPhone_CustomerID,0.14,0.349,3.775,0.215,0.487,870,0,0
DoublePlayInternetPhone_CustomerID_XX_OE_prepareQuote,0.094,0.235,3.228,0.173,0.334,870,0,0
DoublePlayInternetPhone_CustomerID_XX_OE_shortSummary,0.045,0.114,1.25,0.073,0.169,870,0,0
DoublePlayInternetPhone_BillingPref_XX_OE_contactEmailChangedAction,0.031,0.129,3.39,0.171,0.171,870,0,0
DoublePlayInternetPhone_BillingPref_XX_OE_prepareQuote,0.374,0.576,2.781,0.16,0.709,870,0,0
DoublePlayInternetPhone_BillingPref_XX_OE_shortSummary,0.031,0.094,0.635,0.047,0.14,870,0,0
DoublePlayInternetPhone_BillingPref_XX_OE_systemrpcUpdate,0.031,0.114,3.04,0.128,0.161,870,0,0
DoublePlayInternetPhone_BillingRef,0.515,0.913,7.734,0.376,1.156,870,0,0
DoublePlayInternetPhone_AddServices,0.156,0.39,2.544,0.236,0.583,868,0,0
DoublePlayInternetPhone_AddServices_XX_OE_prepareQuote,0.109,0.296,2.291,0.194,0.447,868,0,0
DoublePlayInternetPhone_AddServices_XX_OE_shortSummary,0.031,0.094,1.541,0.069,0.14,868,0,0
DoublePlayInternetPhone_SelectNumber,0.047,0.164,3.07,0.165,0.236,868,0,0
DoublePlayInternetPhone_SelectNumber_XX_OE_selectPhone,0.047,0.164,3.07,0.165,0.236,868,0,0
DoublePlayInternetPhone_ChooseNumber,0.163,0.38,2.27,0.18,0.534,868,0,0
DoublePlayInternetPhone_ChooseNumber_XX_OE_PhoneTypeChange,0.163,0.38,2.27,0.18,0.534,868,0,0
DoublePlayInternetPhone_AssignNumber,0.125,0.311,2.391,0.158,0.449,867,0,0
DoublePlayInternetPhone_AssignNumber_XX_OE_AssignPhone,0.125,0.311,2.391,0.158,0.449,867,0,0
DoublePlayInternetPhone_ListingType,0.031,0.119,2.035,0.124,0.171,868,0,0
DoublePlayInternetPhone_ListingType_XX_OE_selectList,0.031,0.119,2.035,0.124,0.171,868,0,0
DoublePlayInternetPhone_SaveTelephone,0.094,0.272,3.216,0.219,0.381,872,0,0
DoublePlayInternetPhone_SaveTelephone_XX_OE_savePhone,0.094,0.272,3.216,0.219,0.381,872,0,0
DoublePlayInternetPhone_Internet5,0.156,0.399,3.818,0.243,0.578,870,0,0
DoublePlayInternetPhone_Internet5_XX_OE_ItemModified,0.156,0.399,3.818,0.243,0.578,870,0,0
DoublePlayInternetPhone_InternetHWWrench,0.062,0.174,1.751,0.102,0.253,871,0,0
DoublePlayInternetPhone_InternetHWWrench_XX_OE_showHWPop,0.062,0.174,1.751,0.102,0.253,871,0,0
DoublePlayInternetPhone_Internet_Validate,0.14,0.36,5.117,0.329,0.512,871,0,0
DoublePlayInternetPhone_Internet_Validate_XX_OE_validateHW,0.14,0.36,5.117,0.329,0.511,871,0,0
DoublePlayInternetPhone_SaveInternetEquipment,0.14,0.372,2.974,0.242,0.522,870,0,0
DoublePlayInternetPhone_SaveInternetEquipment_XX_OE_saveEquipment,0.14,0.372,2.974,0.242,0.522,870,0,0
DoublePlayInternetPhone_OneTimeCharges,0.062,0.183,3.238,0.189,0.246,867,0,0
DoublePlayInternetPhone_OneTimeCharges_XX_OE_InstallationFee,0.062,0.183,3.238,0.189,0.246,867,0,0
DoublePlayInternetPhone_Appointments,0.328,0.774,3.692,0.373,1.085,863,0,0
DoublePlayInternetPhone_Appointments_XX_OE_prepareQuote,0.203,0.454,2.887,0.274,0.635,867,0,0
DoublePlayInternetPhone_Appointments_XX_OE_SelectTechnician,0.078,0.217,2.997,0.177,0.32,863,0,0
DoublePlayInternetPhone_Appointments_XX_OE_shortSummary,0.031,0.103,3.103,0.114,0.154,867,0,0
DoublePlayInternetPhone_ADDSvc_XX_OE_infotoChangeAction,0.109,0.272,1.575,0.129,0.41,863,0,0
DoublePlayInternetPhone_ADDSvc_XX_OE_Preparequote,0.156,0.372,1.958,0.17,0.552,863,0,0
DoublePlayInternetPhone_ADDSvc_XX_OE_ShortSummary,0.031,0.099,0.694,0.047,0.142,863,0,0
DoublePlayInternetPhone_InstallationFee_popup,0.312,0.743,3.534,0.303,1.078,863,0,0
DoublePlayInternetPhone_Review,0.125,0.377,4.384,0.235,0.54,863,0,0
DoublePlayInternetPhone_Review_XX_OE_prepareQuote,0.094,0.273,4.259,0.208,0.403,863,0,0
DoublePlayInternetPhone_Review_XX_OE_shortSummary,0.031,0.103,1.379,0.072,0.15,863,0,0
DoublePlayInternetPhone_CreateCustomerNote,0.047,0.059,0.579,0.031,0.067,865,0,0
DoublePlayInternetPhone_CreateCustomerNote_XX_OE_Note,0.047,0.059,0.579,0.031,0.067,865,0,0
DoublePlayInternetPhone_Finish,4.293,7.303,22.077,1.847,9.376,865,0,0
DoublePlayInternetPhone_Finish_XX_AIS_address,0.016,0.043,3.073,0.105,0.054,865,0,0
DoublePlayInternetPhone_Finish_XX_BRM_account,0.156,0.222,1.201,0.049,0.25,864,0,0
DoublePlayInternetPhone_Finish_XX_BRM_pendingitems,0.071,0.264,1.626,0.083,0.307,865,0,0
DoublePlayInternetPhone_Finish_XX_BRM_TranHistory,0.059,0.118,3.134,0.106,0.14,865,0,0
DoublePlayInternetPhone_Finish_XX_CDI_account_note,0.044,0.056,0.218,0.011,0.062,865,0,0
DoublePlayInternetPhone_Finish_XX_CDI_accounts,0.059,0.074,0.422,0.022,0.082,865,0,0
DoublePlayInternetPhone_Finish_XX_CDI_customers,0.031,0.06,0.288,0.017,0.078,865,0,0
DoublePlayInternetPhone_Finish_XX_CDI_customers_account,0.094,0.116,0.198,0.014,0.13,865,0,0
DoublePlayInternetPhone_Finish_XX_CPE_Equipments_SUCCESS,0.03,0.056,0.421,0.022,0.069,865,0,0
DoublePlayInternetPhone_Finish_XX_FFM_AddressID,0.031,0.057,0.365,0.021,0.067,864,0,0
DoublePlayInternetPhone_Finish_XX_OE_account,0.144,0.511,4.493,0.315,0.758,864,0,0
DoublePlayInternetPhone_Finish_XX_OE_CheckOrderStatus,0.099,0.325,3.755,0.23,0.515,2595,0,0
DoublePlayInternetPhone_Finish_XX_OE_CustOrdHist,0.562,1.173,7.087,0.562,1.718,865,0,0
DoublePlayInternetPhone_Finish_XX_OE_newCustDesktop,0.437,0.928,4.689,0.406,1.409,865,0,0
DoublePlayInternetPhone_Finish_XX_OE_prepareQuote,0.312,0.707,5.836,0.369,0.987,865,0,0
DoublePlayInternetPhone_Finish_XX_OE_refreshDesktop,0.031,0.103,1.113,0.06,0.155,865,0,0
DoublePlayInternetPhone_Finish_XX_OE_shortSummary,0.78,1.684,5.656,0.618,2.391,865,0,0
DoublePlayInternetPhone_Finish_XX_SA_ServiceAvailability,0,0.019,0.562,0.014,0.024,3458,0,0
DoublePlayInternetPhone_Finish_XX_TSRWS_getCityNode,0,0.006,0.573,0.017,0.013,2595,0,0
DoublePlayInternetPhone_Finish_XX_TSRWS_RegionalNodeAndServerStatus,0,0.031,5.737,0.213,0.03,1730,0,0
DoublePlayInternetPhone_Total,9.543,16.827,32.363,2.869,20.087,866,1,0
DoublePlayTVInternet_Login,0.573,0.625,0.677,0.052,0.677,2,0,0
DoublePlayTVInternet_AddressSearch,0.215,0.26,0.545,0.03,0.294,664,1,0
DoublePlayTVInternet_AddressSearch_XX_AIS_Addresses,0.215,0.26,0.545,0.03,0.293,664,1,0
DoublePlayTVInternet_SelectAddress,0.109,0.15,1.039,0.056,0.166,667,0,0
DoublePlayTVInternet_SelectAddress_XX_AIS_Address,0.016,0.031,0.582,0.031,0.034,667,0,0
DoublePlayTVInternet_SelectAddress_XX_CDI_Customers,0.094,0.118,1.004,0.046,0.132,664,0,0
DoublePlayTVInternet_SelectCreateCustomerLink,0.728,1.249,4.173,0.428,1.669,666,0,0
DoublePlayTVInternet_SelectCreateCustomerLink_XX_AIS_Drops,0.016,0.026,0.156,0.012,0.035,666,0,0
DoublePlayTVInternet_SelectCreateCustomerLink_XX_CDI_Customers_Account,0.094,0.116,0.567,0.029,0.127,666,0,0
DoublePlayTVInternet_SelectCreateCustomerLink_XX_FFM_AddressID,0.031,0.059,0.546,0.03,0.076,666,0,0
DoublePlayTVInternet_SelectCreateCustomerLink_XX_OE_NewCustomerDesktop,0.432,0.907,3.894,0.408,1.324,666,0,0
DoublePlayTVInternet_SelectCreateCustomerLink_XX_SA_ServiceAvailability,0,0.019,0.068,0.005,0.025,2664,0,0
DoublePlayTVInternet_SelectCreateCustomerLink_XX_TSRWS_GetCityByNode,0,0.008,1.7,0.042,0.016,1998,0,0
DoublePlayTVInternet_SelectCreateCustomerLink_XX_TSRWS_RegionalNodeAndServerStatus,0,0.02,0.453,0.024,0.03,1332,0,0
DoublePlayTVInternet_Internet300,0.109,0.303,1.578,0.166,0.458,666,0,0
DoublePlayTVInternet_Internet300_XX_OE_desktopItemModified,0.109,0.303,1.577,0.166,0.457,666,0,0
DoublePlayTVInternet_InternetHWWrench,0.047,0.134,1.883,0.099,0.188,665,0,0
DoublePlayTVInternet_InternetHWWrench_XX_OE_showHWPop,0.047,0.134,1.883,0.099,0.188,665,0,0
DoublePlayTVInternet_Internet_Validate,0.14,0.38,2.866,0.224,0.566,664,0,0
DoublePlayTVInternet_Internet_Validate_XX_OE_validateHW,0.14,0.38,2.866,0.224,0.566,664,0,0
DoublePlayTVInternet_SaveInternetEquipment,0.094,0.28,1.917,0.159,0.417,664,0,0
DoublePlayTVInternet_SaveInternetEquipment_XX_OE_saveEquipment,0.094,0.28,1.917,0.159,0.417,664,0,0
DoublePlayTVInternet_LargeTv,0.25,0.514,4.633,0.27,0.71,664,0,0
DoublePlayTVInternet_LargeTv_XX_OE_desktopItem,0.25,0.514,4.633,0.27,0.71,664,0,0
DoublePlayTVInternet_DigitalChannel,0.109,0.24,1.925,0.169,0.328,665,0,0
DoublePlayTVInternet_DigitalChannel_XX_OE_openChannelsPopup,0.109,0.24,1.925,0.169,0.327,665,0,0
DoublePlayTVInternet_DigitalChannel_Pick10,0.374,0.765,5.264,0.415,1.041,667,0,0
DoublePlayTVInternet_DigitalChannel_Pick10_XX_OE_desktopItemModified,0.281,0.585,4.609,0.367,0.807,667,0,0
DoublePlayTVInternet_DigitalChannel_Pick10_XX_OE_openAggregationOfferingDialog,0.088,0.179,1.576,0.093,0.265,667,0,0
DoublePlayTVInternet_DigitalChannel_Select10,3.178,6.084,21.386,1.82,8.354,666,0,0
DoublePlayTVInternet_DigitalChannel_Select10_XX_OE_desktopItemModified_1,0.296,0.596,2.761,0.234,0.808,665,0,0
DoublePlayTVInternet_DigitalChannel_Select10_XX_OE_desktopItemModified_10,0.312,0.628,2.503,0.248,0.92,666,0,0
DoublePlayTVInternet_DigitalChannel_Select10_XX_OE_desktopItemModified_2,0.304,0.593,2.553,0.216,0.849,665,0,0
DoublePlayTVInternet_DigitalChannel_Select10_XX_OE_desktopItemModified_3,0.296,0.596,4.496,0.252,0.817,665,0,0
DoublePlayTVInternet_DigitalChannel_Select10_XX_OE_desktopItemModified_4,0.312,0.602,2.731,0.229,0.889,665,0,0
DoublePlayTVInternet_DigitalChannel_Select10_XX_OE_desktopItemModified_5,0.311,0.599,2.351,0.209,0.833,665,0,0
DoublePlayTVInternet_DigitalChannel_Select10_XX_OE_desktopItemModified_6,0.31,0.619,2.388,0.238,0.878,665,0,0
DoublePlayTVInternet_DigitalChannel_Select10_XX_OE_desktopItemModified_7,0.312,0.619,4.018,0.263,0.916,666,0,0
DoublePlayTVInternet_DigitalChannel_Select10_XX_OE_desktopItemModified_8,0.311,0.618,3.424,0.253,0.88,666,0,0
DoublePlayTVInternet_DigitalChannel_Select10_XX_OE_desktopItemModified_9,0.328,0.616,2.59,0.238,0.86,666,0,0
DoublePlayTVInternet_DigitalChannel_Save,0.041,0.127,3.558,0.186,0.157,665,0,0
DoublePlayTVInternet_DigitalChannel_Save_XX_OE_okAggregationOfferingDialog,0.041,0.127,3.558,0.186,0.157,665,0,0
DoublePlayTVInternet_DigitalChannel_Additional3,0.952,1.805,9.473,0.714,2.449,662,0,0
DoublePlayTVInternet_DigitalChannel_Additional3_XX_OE_desktopItemModified_1,0.312,0.602,5.295,0.298,0.826,662,0,0
DoublePlayTVInternet_DigitalChannel_Additional3_XX_OE_desktopItemModified_2,0.312,0.604,3.791,0.274,0.85,662,0,0
DoublePlayTVInternet_DigitalChannel_Additional3_XX_OE_desktopItemModified_3,0.312,0.599,2.635,0.242,0.845,662,0,0
DoublePlayTVInternet_DigitalChannel_save,0.031,0.115,1.217,0.081,0.168,663,0,0
DoublePlayTVInternet_DigitalChannel_save_XX_OE_okChannelsPopup,0.031,0.115,1.217,0.081,0.168,663,0,0
DoublePlayTVInternet_TVHW_Wrench,0.077,0.168,3.179,0.151,0.243,663,0,0
DoublePlayTVInternet_TVHW_Wrench_XX_OE_showHWPop,0.077,0.168,3.179,0.151,0.243,663,0,0
DoublePlayTVInternet_ShawBlueSkyBox,0.093,0.215,2.562,0.152,0.296,664,0,0
DoublePlayTVInternet_ShawBlueSkyBox_XX_OE_EmptyHW,0.093,0.215,2.562,0.152,0.296,664,0,0
DoublePlayTVInternet_TV_Validate,0.109,0.262,1.856,0.145,0.374,666,0,0
DoublePlayTVInternet_TV_Validate_XX_OE_validateHW,0.109,0.262,1.856,0.145,0.374,666,0,0
DoublePlayTVInternet_SaveTVEquipment,0.14,0.346,4.029,0.216,0.504,666,0,0
DoublePlayTVInternet_SaveTVEquipment_XX_OE_saveEquipment,0.14,0.346,4.029,0.216,0.504,666,0,0
DoublePlayTVInternet_OneTimeCharges,0.062,0.186,3.418,0.19,0.269,665,0,0
DoublePlayTVInternet_OneTimeCharges_XX_OE_InstallationFee,0.062,0.186,3.418,0.19,0.269,665,0,0
DoublePlayTVInternet_InternetChoice,0.062,0.177,1.285,0.111,0.259,664,0,0
DoublePlayTVInternet_InternetChoice_XX_OE_showcomponent,0.062,0.177,1.285,0.111,0.259,664,0,0
DoublePlayTVInternet_2YVP_WIFI,0.172,0.441,2.027,0.174,0.633,663,0,0
DoublePlayTVInternet_2YVP_WIFI_XX_OE_discountCheckAction,0.172,0.412,1.953,0.172,0.604,663,0,0
DoublePlayTVInternet_2YVP_WIFI_XX_OE_newcustomerdesktop,0,0.029,0.125,0.013,0.047,663,0,0
DoublePlayTVInternet_ServiceAgreement,0.109,0.28,3.479,0.261,0.387,665,0,0
DoublePlayTVInternet_ServiceAgreement_XX_OE_DiscountPop,0.047,0.135,3.338,0.181,0.187,665,0,0
DoublePlayTVInternet_ServiceAgreement_XX_OE_showComponent,0.047,0.145,3.194,0.178,0.209,665,0,0
DoublePlayTVInternet_SaveServiceAgreement,0.819,1.719,5.614,0.582,2.279,666,0,0
DoublePlayTVInternet_SaveServiceAgreement_XX_OE_ConfirmDiscount,0.035,0.111,0.39,0.047,0.171,666,0,0
DoublePlayTVInternet_SaveServiceAgreement_XX_OE_DiscountCheckAction_TV_PGCode,0.172,0.422,3.908,0.27,0.597,666,0,0
DoublePlayTVInternet_SaveServiceAgreement_XX_OE_DiscountCheckAction1_PGCode,0.187,0.412,2.514,0.194,0.595,665,0,0
DoublePlayTVInternet_SaveServiceAgreement_XX_OE_HideComponent1,0.039,0.107,0.446,0.049,0.159,665,0,0
DoublePlayTVInternet_SaveServiceAgreement_XX_OE_SelectCategory_TV_PGCode,0.047,0.137,2.98,0.16,0.187,666,0,0
DoublePlayTVInternet_SaveServiceAgreement_XX_OE_SystemRpcUpdate1,0.031,0.122,2.25,0.118,0.185,665,0,0
DoublePlayTVInternet_SaveServiceAgreement_XX_OE_SystemRpcUpdate2,0.036,0.103,0.521,0.051,0.154,665,0,0
DoublePlayTVInternet_CustomerID,0.156,0.373,3.99,0.211,0.518,664,0,0
DoublePlayTVInternet_CustomerID_XX_OE_prepareQuote,0.109,0.243,1.559,0.12,0.337,664,0,0
DoublePlayTVInternet_CustomerID_XX_OE_shortSumary,0.047,0.131,3.729,0.15,0.184,664,0,0
DoublePlayTVInternet_BillingPref,0.562,0.982,3.884,0.333,1.254,663,0,0
DoublePlayTVInternet_BillingPref_XX_OE_contactEmailChanged,0.047,0.132,1.506,0.094,0.191,663,0,0
DoublePlayTVInternet_BillingPref_XX_OE_prepareQuot,0.374,0.612,3.557,0.187,0.766,663,0,0
DoublePlayTVInternet_BillingPref_XX_OE_shortSummary,0.036,0.115,3.094,0.159,0.156,663,0,0
DoublePlayTVInternet_BillingPref_XX_OE_systemrpcUpdate,0.031,0.122,1.576,0.08,0.172,663,0,0
DoublePlayTVInternet_Appointments,0.608,1.264,4.747,0.481,1.782,664,0,0
DoublePlayTVInternet_Appointments_XX_OE_prepareQuote,0.3,0.632,3.529,0.291,0.897,664,0,0
DoublePlayTVInternet_Appointments_XX_OE_SelectTechnician,0.172,0.387,1.612,0.162,0.562,664,0,0
DoublePlayTVInternet_Appointments_XX_OE_shortSummary,0.047,0.113,1.118,0.063,0.169,664,0,0
DoublePlayTVInternet_Appointments_XX_OE_systemrpcUpdate,0.047,0.132,1.184,0.082,0.191,664,0,0
DoublePlayTVInternet_ADDSvc_XX_OE_infotoChangeAction,0.125,0.299,1.903,0.135,0.437,664,0,0
DoublePlayTVInternet_ADDSvc_XX_OE_Preparequote,0.187,0.425,3.393,0.216,0.614,664,0,0
DoublePlayTVInternet_ADDSvc_XX_OE_ShortSummary,0.047,0.116,3.11,0.144,0.158,664,0,0
DoublePlayTVInternet_InstallationFee_popup,0.376,0.84,4.063,0.362,1.196,664,0,0
DoublePlayTVInternet_CreateCustomerNote,0.045,0.062,2.316,0.09,0.066,660,0,0
DoublePlayTVInternet_CreateCustomerNote_XX_OE_Note,0.045,0.061,2.315,0.09,0.066,660,0,0
DoublePlayTVInternet_FinishOrder,4.462,7.951,26.598,2.32,10.742,660,0,0
DoublePlayTVInternet_FinishOrder_XX_AIS_address_drops,0.016,0.043,0.296,0.021,0.062,660,0,0
DoublePlayTVInternet_FinishOrder_XX_CDI_accounts,0,0.076,0.597,0.036,0.08,660,0,0
DoublePlayTVInternet_FinishOrder_XX_CDI_customer_account,0.094,0.126,3.135,0.166,0.128,660,0,0
DoublePlayTVInternet_FinishOrder_XX_CDI_customers,0,0.065,0.515,0.03,0.079,660,0,0
DoublePlayTVInternet_FinishOrder_XX_CDI_Notes,0.045,0.056,0.5,0.02,0.062,660,0,0
DoublePlayTVInternet_FinishOrder_XX_CPE_Equipments_SUCCESS,0.04,0.067,0.358,0.02,0.084,660,0,0
DoublePlayTVInternet_FinishOrder_XX_FFM_AccointId,0.031,0.06,0.575,0.031,0.076,660,0,0
DoublePlayTVInternet_FinishOrder_XX_OE_account,0.1,0.328,2.197,0.181,0.529,660,0,0
DoublePlayTVInternet_FinishOrder_XX_OE_CheckOrderStatus,0.094,0.287,1.963,0.174,0.438,660,0,0
DoublePlayTVInternet_FinishOrder_XX_OE_CustOrdHist1,0.655,1.372,7.981,0.66,2.01,660,0,0
DoublePlayTVInternet_FinishOrder_XX_OE_CustUpdatedStatus,0.1,0.409,3.824,0.319,0.771,2271,0,0
DoublePlayTVInternet_FinishOrder_XX_OE_NewCustDesktop,0.424,0.88,3.822,0.393,1.25,660,0,0
DoublePlayTVInternet_FinishOrder_XX_OE_prepareQuote,0.451,0.872,4.618,0.391,1.155,661,0,0
DoublePlayTVInternet_FinishOrder_XX_OE_refreshDesktop,0.047,0.11,0.562,0.049,0.156,661,0,0
DoublePlayTVInternet_FinishOrder_XX_OE_shortSummary,1.045,2.04,8.778,0.755,2.787,661,0,0
DoublePlayTVInternet_FinishOrder_XX_SA_ServiceAvailability,0,0.019,0.359,0.01,0.024,2640,0,0
DoublePlayTVInternet_FinishOrder_XX_TSRWS_getCityNode,0,0.006,0.173,0.01,0.016,1980,0,0
DoublePlayTVInternet_FinishOrder_XX_TSRWS_RegionalNodeAndServerStatus,0,0.032,5.013,0.214,0.031,1320,0,0
DoublePlayTVInternet_Review,0.156,0.395,1.931,0.192,0.57,661,0,0
DoublePlayTVInternet_Review_XX_OE_prepareQuote,0.109,0.285,1.7,0.16,0.417,661,0,0
DoublePlayTVInternet_Review_XX_OE_shortSummary,0.047,0.109,0.883,0.054,0.154,661,0,0
DoublePlayTVInternet_Total,16.786,28.012,50.435,4.548,33.405,660,1,0
InternetUpgrade_Login,0.55,0.607,0.664,0.057,0.664,2,0,0
InternetUpgrade_OrderStatus,0.218,0.659,3.739,0.396,0.995,723,0,0
InternetUpgrade_CustomerOverview,1.607,2.541,9.608,0.8,3.34,722,0,0
InternetUpgrade_CustomerOverview_XX_AIS_Address,0,0.045,0.308,0.021,0.061,722,0,0
InternetUpgrade_CustomerOverview_XX_AIS_Address_Drops,0.016,0.024,0.15,0.008,0.031,722,0,0
InternetUpgrade_CustomerOverview_XX_BRM_Account,0.172,0.218,0.86,0.039,0.241,722,0,0
InternetUpgrade_CustomerOverview_XX_CDI_Accounts,0.034,0.073,0.187,0.011,0.081,722,0,0
InternetUpgrade_CustomerOverview_XX_CDI_Accounts_notes,0.046,0.058,0.529,0.026,0.063,722,0,0
InternetUpgrade_CustomerOverview_XX_CDI_Customers,0,0.078,3.042,0.085,0.115,1444,0,0
InternetUpgrade_CustomerOverview_XX_CDI_Customers_Account,0.094,0.116,0.446,0.021,0.129,722,0,0
InternetUpgrade_CustomerOverview_XX_CPE_Equipments_SUCCESS,0.029,0.06,3.071,0.114,0.069,722,0,0
InternetUpgrade_CustomerOverview_XX_CPE_EquipmentsSerialNumber_SUCCESS,0.015,0.048,0.202,0.015,0.062,722,0,0
InternetUpgrade_CustomerOverview_XX_FFM_AddressId,0.031,0.059,0.328,0.023,0.071,722,0,0
InternetUpgrade_CustomerOverview_XX_OE_Account,0.156,0.457,4.418,0.299,0.686,722,0,0
InternetUpgrade_CustomerOverview_XX_OE_Customer_Order_History,0.546,1.062,7.697,0.494,1.56,722,0,0
InternetUpgrade_CustomerOverview_XX_SA_Service_Availability,0,0.018,0.059,0.005,0.023,2888,0,0
InternetUpgrade_CustomerOverview_XX_TSRWS_Get_City,0,0.009,3.061,0.087,0.016,2166,0,0
InternetUpgrade_CustomerOverview_XX_TSRWS_RegionalNodeAndServerStatus,0,0.032,6.032,0.199,0.031,1444,0,0
InternetUpgrade_OrderEntry,0.842,1.568,6.189,0.598,2.273,722,0,0
InternetUpgrade_OrderEntry_XX_OE_NewCustomerDesktop,0.842,1.568,6.189,0.598,2.272,722,0,0
InternetUpgrade_SelectInternet15,0.14,0.362,3.265,0.22,0.556,727,0,0
InternetUpgrade_SelectInternet15_XX_OE_Desktop_Item_Modified,0.14,0.362,3.264,0.22,0.556,727,0,0
InternetUpgrade_InstallFeeAndAppointments,0.296,0.66,4.875,0.367,0.937,728,0,0
InternetUpgrade_InstallFeeAndAppointments_XX_OE_Installation_Fee_Changed,0.062,0.15,2.375,0.127,0.212,728,0,0
InternetUpgrade_InstallFeeAndAppointments_XX_OE_Prepare_Quote,0.187,0.401,3.124,0.239,0.559,728,0,0
InternetUpgrade_InstallFeeAndAppointments_XX_OE_Short_Summary,0.031,0.109,1.013,0.076,0.161,728,0,0
InternetUpgrade_ADDSvc_XX_OE_infotoChangeAction,0.109,0.283,1.744,0.152,0.423,725,0,0
InternetUpgrade_ADDSvc_XX_OE_Preparequote,0.138,0.341,2.371,0.201,0.525,725,0,0
InternetUpgrade_ADDSvc_XX_OE_ShortSummary,0.031,0.104,0.509,0.055,0.156,725,0,0
InternetUpgrade_InstallationFee_popup,0.296,0.729,3.168,0.343,1.061,725,0,0
InternetUpgrade_ReviewOrder,0.125,0.307,2.416,0.161,0.445,722,0,0
InternetUpgrade_ReviewOrder_XX_OE_Prepare_Quote,0.078,0.202,2.109,0.115,0.299,722,0,0
InternetUpgrade_ReviewOrder_XX_OE_Short_Summary,0.034,0.105,1.482,0.079,0.151,722,0,0
InternetUpgrade_FinishOrder,5.491,9.387,30.606,2.561,12.391,722,1,0
InternetUpgrade_FinishOrder_XX_AIS_Address_Drops,0.016,0.04,0.184,0.017,0.056,723,0,0
InternetUpgrade_FinishOrder_XX_BRM_Account,0.156,0.21,0.593,0.037,0.238,723,0,0
InternetUpgrade_FinishOrder_XX_BRM_Pending_Items,0.203,0.285,2.335,0.088,0.316,722,0,0
InternetUpgrade_FinishOrder_XX_BRM_Transaction_History,0.058,0.108,0.587,0.03,0.131,722,0,0
InternetUpgrade_FinishOrder_XX_CDI_Accounts,0.06,0.075,1.013,0.04,0.08,723,0,0
InternetUpgrade_FinishOrder_XX_CDI_Accounts_notes,0.047,0.057,0.189,0.011,0.062,723,0,0
InternetUpgrade_FinishOrder_XX_CDI_Customers,0.031,0.06,3.124,0.115,0.074,723,0,0
InternetUpgrade_FinishOrder_XX_CDI_Customers_Account,0.094,0.116,0.374,0.022,0.127,722,0,0
InternetUpgrade_FinishOrder_XX_CPE_Equipments_SUCCESS,0.015,0.059,3.061,0.114,0.07,722,0,0
InternetUpgrade_FinishOrder_XX_CPE_EquipmentsSerialNumber_SUCCESS,0.015,0.05,0.413,0.023,0.063,722,0,0
InternetUpgrade_FinishOrder_XX_FFM_AddressId,0.031,0.058,0.386,0.019,0.071,722,1,0
InternetUpgrade_FinishOrder_XX_OE_Account,0.194,0.553,3.22,0.303,0.881,723,0,0
InternetUpgrade_FinishOrder_XX_OE_Check_Order_Submission,0.094,0.376,5.21,0.291,0.637,2349,0,0
InternetUpgrade_FinishOrder_XX_OE_Customer_Order_History,0.755,1.633,5.545,0.62,2.483,722,0,0
InternetUpgrade_FinishOrder_XX_OE_New_Customer_Desktop,0.83,1.794,5.603,0.674,2.72,722,0,0
InternetUpgrade_FinishOrder_XX_OE_Prepare_Quote,0.312,0.639,3.23,0.282,0.864,721,0,0
InternetUpgrade_FinishOrder_XX_OE_Refresh_Desktop,0.041,0.114,1.731,0.103,0.172,721,0,0
InternetUpgrade_FinishOrder_XX_OE_Short_Summary,1.123,2.162,8.991,0.809,3.011,721,0,0
InternetUpgrade_FinishOrder_XX_SA_Service_Availability,0,0.019,0.374,0.01,0.024,2891,0,0
InternetUpgrade_FinishOrder_XX_TSRWS_Get_City,0,0.006,0.184,0.009,0.016,2169,0,0
InternetUpgrade_FinishOrder_XX_TSRWS_RegionalNodeAndServerStatus,0,0.027,2.666,0.113,0.031,1446,0,0
InternetUpgrade_CreateCustomerNote,0.047,0.073,1.357,0.054,0.093,716,0,0
InternetUpgrade_CreateCustomerNote_XX_OE_Note,0.047,0.072,1.357,0.054,0.092,716,0,0
InternetUpgrade_Total,9.422,15.584,36.619,3.026,19.258,716,1,0
UpdateCustomerDetails_Login,0.627,0.653,0.678,0.026,0.678,2,0,0
UpdateCustomerDetails_Login_XX_OE_Login,0.466,0.503,0.541,0.037,0.541,2,0,0
UpdateCustomerDetails_customerOverview,1.56,2.545,7.8,0.691,3.309,1028,0,0
UpdateCustomerDetails_customerOverview_XX_AIS_Drops,0.016,0.023,0.265,0.014,0.03,1028,0,0
UpdateCustomerDetails_customerOverview_XX_AIS_ServiceID,0.016,0.044,0.312,0.021,0.062,1028,0,0
UpdateCustomerDetails_customerOverview_XX_BRM_Billing_Account,0.17,0.216,0.755,0.037,0.238,1028,0,0
UpdateCustomerDetails_customerOverview_XX_CDI_AccountId,0.047,0.069,0.624,0.032,0.078,1028,0,0
UpdateCustomerDetails_customerOverview_XX_CDI_AccountServiceAddress,0.078,0.106,0.562,0.028,0.118,1028,0,0
UpdateCustomerDetails_customerOverview_XX_CDI_Customer_CustomerId,0.031,0.046,0.35,0.017,0.051,1028,0,0
UpdateCustomerDetails_customerOverview_XX_CDI_Customers_AccountId,0.062,0.086,0.749,0.035,0.103,1028,0,0
UpdateCustomerDetails_customerOverview_XX_CDI_Notes_1,0.031,0.051,0.328,0.012,0.059,1028,0,0
UpdateCustomerDetails_CustomerOverview_XX_CPE_Equipments_SUCCESS,0.031,0.063,0.373,0.019,0.08,1028,0,0
UpdateCustomerDetails_customerOverview_XX_FFM_AddressId,0.031,0.058,0.359,0.027,0.071,1028,0,0
UpdateCustomerDetails_customerOverview_XX_OE_AccountId,0.18,0.482,3.47,0.284,0.744,1028,0,0
UpdateCustomerDetails_customerOverview_XX_OE_CustomerOrderHistory,0.624,1.223,5.079,0.476,1.741,1028,0,0
UpdateCustomerDetails_customerOverview_XX_SA_ServiceId,0,0.019,0.382,0.008,0.024,4112,0,0
UpdateCustomerDetails_OrderStatus,0.234,0.682,6.024,0.5,1.051,1029,0,0
UpdateCustomerDetails_Digital_Channel,0.796,1.612,7.361,0.595,2.296,1029,0,0
UpdateCustomerDetails_Digital_Channel_XX_OE_ChannelPopup,0.108,0.231,1.9,0.144,0.328,1027,0,0
UpdateCustomerDetails_Digital_Channel_XX_OE_DesktopItemModified1,0.312,0.639,4.737,0.376,0.914,1029,0,0
UpdateCustomerDetails_Digital_Channel_XX_OE_DesktopItemModified2,0.312,0.624,3.37,0.282,0.877,1028,0,0
UpdateCustomerDetails_Digital_Channel_XX_OE_OkChannel,0.035,0.118,2.132,0.128,0.168,1029,0,0
UpdateCustomerDetails_orderEntry,0.936,1.848,8.537,0.718,2.58,1026,0,0
UpdateCustomerDetails_orderEntry_XX_OE_NewCustomerDesktop,0.936,1.848,8.537,0.718,2.58,1026,0,0
UpdateCustomerDetails_InstallationFee,0.071,0.176,1.71,0.107,0.265,1028,0,0
UpdateCustomerDetails_InstallationFee_XX_OE_ChangeFee,0.071,0.176,1.71,0.107,0.265,1028,0,0
UpdateCustomerDetails_appointmentsTab,0.25,0.573,3.539,0.242,0.796,1026,0,0
UpdateCustomerDetails_appointmentsTab_XX_OE_Preparequote,0.203,0.461,3.356,0.204,0.656,1028,0,0
UpdateCustomerDetails_appointmentsTab_XX_OE_ShortSummary,0.031,0.112,2.956,0.112,0.163,1028,0,0
UpdateCustomerDetails_ADDSvc_XX_OE_infotoChangeAction,0.125,0.299,2.279,0.144,0.447,1026,0,0
UpdateCustomerDetails_ADDSvc_XX_OE_Preparequote,0.168,0.391,4.303,0.221,0.565,1026,0,0
UpdateCustomerDetails_ADDSvc_XX_OE_ShortSummary,0.047,0.099,0.404,0.041,0.145,1026,0,0
UpdateCustomerDetails_InstallationFee_popup,0.344,0.789,5.071,0.336,1.135,1026,0,0
UpdateCustomerDetails_reviewOrder,0.156,0.401,2.358,0.202,0.571,1027,0,0
UpdateCustomerDetails_reviewOrder_XX_OE_PrepareQuote,0.109,0.286,2.236,0.161,0.422,1025,0,0
UpdateCustomerDetails_reviewOrder_XX_OE_ShortSummary,0.031,0.115,1.95,0.106,0.16,1027,0,0
UpdateCustomerDetails_CreateCustomerNote,0.031,0.057,1.073,0.041,0.064,1026,0,0
UpdateCustomerDetails_CreateCustomerNote_XX_OE_Note,0.031,0.056,1.073,0.041,0.064,1026,0,0
UpdateCustomerDetails_finishOrder,5.335,8.797,20.613,1.843,11.248,1026,0,0
UpdateCustomerDetails_finishOrder_XX_AIS_AddressDrops,0,0,0.047,0.001,0,1028,0,0
UpdateCustomerDetails_finishOrder_XX_BRM_Account,0.153,0.205,1.17,0.051,0.233,1025,0,0
UpdateCustomerDetails_finishOrder_XX_BRM_PendingItems,0.322,0.419,2.824,0.129,0.456,1025,0,0
UpdateCustomerDetails_finishOrder_XX_BRM_TransactionHistory,0.047,0.106,0.727,0.031,0.128,1025,0,0
UpdateCustomerDetails_finishOrder_XX_CDI_Accounts,0.047,0.072,3.057,0.107,0.075,1025,0,0
UpdateCustomerDetails_finishOrder_XX_CDI_Customers,0.031,0.053,1.949,0.063,0.065,1025,0,0
UpdateCustomerDetails_finishOrder_XX_CDI_Customers_Account,0.078,0.106,1.282,0.044,0.117,1025,0,0
UpdateCustomerDetails_finishOrder_XX_CDI_Notes,0.031,0.052,0.706,0.024,0.061,1026,0,0
UpdateCustomerDetails_finishOrder_XX_CPE_Equipments_SUCCESS,0.031,0.071,3.085,0.136,0.083,1025,0,0
UpdateCustomerDetails_finishOrder_XX_FFM_AddressId,0.031,0.058,0.801,0.035,0.067,1025,0,0
UpdateCustomerDetails_finishOrder_XX_OE_Account,0,0.029,1.184,0.042,0.04,1026,0,0
UpdateCustomerDetails_finishOrder_XX_OE_CheckOrderSubmission,0.094,0.296,3.701,0.221,0.452,1033,0,0
UpdateCustomerDetails_finishOrder_XX_OE_NewCustomerDesktop,0.983,1.916,8.247,0.679,2.703,1026,0,0
UpdateCustomerDetails_finishOrder_XX_OE_OrderHistory,0.891,1.929,7.244,0.825,2.826,1025,0,0
UpdateCustomerDetails_finishOrder_XX_OE_PrepareQuote,0.437,0.859,7.033,0.357,1.155,1025,0,0
UpdateCustomerDetails_finishOrder_XX_OE_RefreshDesktop,0.031,0.117,1.891,0.114,0.158,1026,0,0
UpdateCustomerDetails_finishOrder_XX_OE_ShortSummary,1.186,2.446,8.925,0.869,3.468,1025,0,0
UpdateCustomerDetails_finishOrder_XX_SA_SvcId,0,0.018,0.181,0.006,0.023,4109,0,0
UpdateCustomerDetails_Total,11.014,16.777,29.552,2.587,20.253,1026,0,0
